DayNum,Trip,VehId,Total Distance(km),Total Time(secs),Total Idling Time(secs), Total Fuel Consumed(L),Total CO2 Emissions(g)
1.94814230555,771,450,5.872,695.400,124.400,0.225,260.521
5.64246542592,789,450,15.170,1764.900,412.100,0.786,877.218
5.88032478704,790,450,1.722,386.900,220.800,0.098,103.957
7.57921024074,799,450,3.314,243.400,35.300,0.101,102.847
11.6603619907,811,450,1.746,124.000,0.000,0.084,99.046
12.6017712037,813,450,7.050,678.500,52.400,0.359,464.407
12.8154499167,815,450,1.790,277.500,90.900,0.123,162.634
13.8176214722,825,450,12.573,877.000,58.000,0.588,682.067
15.6437102778,836,450,15.235,1836.600,440.800,0.756,944.626
15.8762168056,837,450,1.807,406.400,204.700,0.162,185.309
15.9459998148,838,450,8.101,758.200,96.800,0.359,422.465
16.0743402407,840,450,13.188,1487.300,313.300,0.556,702.646
16.6703478982,841,450,15.262,1700.100,327.000,0.725,883.393
16.8305705278,842,450,1.790,205.100,34.900,0.113,150.584
17.6849950185,845,450,9.283,1119.800,231.900,0.416,521.346
18.642431213,848,450,13.754,1650.500,394.200,0.728,882.872
18.7936712037,849,450,1.043,127.400,18.400,0.059,75.218
19.6417971018,850,450,15.162,1821.800,430.600,0.776,1021.272
21.7230266759,864,450,9.795,903.700,88.500,0.477,577.960
21.7472038148,865,450,3.809,383.500,7.100,0.195,245.888
21.7728459167,868,450,2.949,312.700,82.100,0.150,168.748
22.9496469537,874,450,6.789,747.000,85.400,0.263,322.903
23.0468286667,876,450,5.777,562.200,64.000,0.292,388.339
26.950969463,887,450,15.796,1249.700,233.300,0.684,788.974
26.9946446389,888,450,1.255,230.700,89.500,0.092,112.846
27.0837034259,889,450,15.278,815.900,61.100,0.891,1007.391
28.7575496389,900,450,5.300,336.800,33.400,0.278,353.160
28.9665679537,905,450,2.009,145.500,5.600,0.083,107.635
29.7051919259,907,450,3.857,223.900,0.000,0.119,141.566
29.8769835556,909,450,1.717,572.300,386.800,0.104,126.746
31.92566325,918,450,8.324,1182.000,338.200,0.373,436.856
32.7901053611,926,450,1.687,239.500,82.900,0.103,137.414
33.6416893333,930,450,15.330,1608.200,193.100,0.770,1017.490
33.7693048426,931,450,5.932,566.400,80.300,0.292,367.095
34.6543722037,937,450,10.448,979.400,203.700,0.486,581.550
35.9632879537,946,450,1.192,84.000,0.000,0.051,65.656
36.6957958333,947,450,9.859,1049.600,215.300,0.473,587.210
36.8769817037,948,450,1.732,188.700,25.700,0.090,122.803
36.9652924537,949,450,8.541,975.400,50.700,0.316,389.812
37.6603465093,950,450,1.743,145.600,13.100,0.069,83.546
37.8520358426,951,450,1.814,222.300,31.500,0.121,166.064
37.9458974537,952,450,8.715,1001.200,124.400,0.373,422.769
38.8757337037,956,450,1.759,287.500,101.900,0.120,143.721
40.8765244167,966,450,1.141,285.000,147.000,0.082,86.081
41.6537034815,972,450,9.722,1710.600,817.400,0.524,594.814
43.6568944167,977,450,15.986,2500.000,478.300,0.907,1036.537
44.6489610926,985,450,15.841,2008.300,333.600,0.758,887.590
44.9349041019,987,450,1.994,371.600,109.200,0.089,104.337
45.6425243796,988,450,15.144,2130.800,287.700,0.778,858.552
45.7606841944,989,450,9.168,1728.100,299.700,0.597,697.360
48.5784123333,990,450,15.099,1485.800,268.100,0.761,887.504
50.6427093241,1004,450,15.204,1822.400,410.800,0.812,1004.832
50.9924096296,1009,450,2.814,274.600,30.400,0.111,132.985
51.9481286204,1013,450,8.819,1057.600,116.200,0.334,413.602
52.9336513056,1019,450,8.477,1062.400,156.600,0.360,456.098
53.0517739722,1020,450,2.580,350.500,59.400,0.140,164.471
53.6428898426,1021,450,14.581,1615.400,303.000,0.722,910.090
53.9449129907,1023,450,10.113,1210.800,149.100,0.436,534.031
54.9555106204,1026,450,1.890,115.300,0.000,0.066,74.030
63.7760415556,1033,450,1.169,70.200,0.000,0.064,87.042
65.8637451852,1040,450,2.599,388.400,114.500,0.206,252.665
66.9021585648,1042,450,1.162,102.300,0.000,0.063,70.176
71.9064713241,1062,450,5.600,607.300,97.100,0.254,300.720
71.9550118889,1063,450,7.565,901.000,186.300,0.414,521.488
72.6296966852,1064,450,15.196,1588.600,382.500,0.827,999.267
72.9062569074,1068,450,8.411,1029.000,227.000,0.366,468.217
74.005166537,1073,450,9.327,892.100,52.900,0.395,461.152
74.3990254074,1074,450,9.414,953.500,111.100,0.453,542.104
78.9461298519,1092,450,1.437,112.000,8.900,0.066,75.074
79.6016321852,1093,450,15.818,1720.700,290.100,0.920,1065.542
81.6439559259,1108,450,13.019,608.200,49.500,0.679,843.049
82.6388933148,1113,450,2.007,123.900,0.000,0.109,136.073
82.8792217593,1115,450,8.389,996.200,168.500,0.382,455.562
83.0550803426,1116,450,9.404,873.500,103.100,0.466,538.354
83.6778204722,1120,450,3.907,237.200,0.000,0.211,229.748
83.7766041481,1122,450,3.004,240.000,5.700,0.148,172.240
85.6019460093,1123,450,15.219,1494.400,259.700,0.798,966.653
85.8348533981,1126,450,1.745,356.600,175.800,0.117,157.321
85.9167063148,1127,450,1.761,139.200,0.000,0.073,79.346
87.8959141296,1134,450,3.081,229.900,0.000,0.167,193.672
89.6429831204,1140,450,1.746,236.700,46.400,0.103,118.648
89.9316051574,1142,450,3.021,235.400,0.000,0.146,167.317
90.5639139259,1147,450,6.762,560.600,134.000,0.290,337.205
92.6296824074,1153,450,15.899,1992.500,267.100,0.878,991.594
93.6350776759,1156,450,2.972,266.400,59.600,0.185,244.331
96.6145507963,1164,450,23.131,2488.800,680.200,1.443,1778.692
96.7560071667,1167,450,3.917,213.300,0.000,0.263,288.286
98.8321345185,1176,450,1.150,95.400,0.000,0.059,66.856
98.9015170648,1178,450,1.189,114.700,0.000,0.075,95.433
100.598727731,1182,450,15.885,1701.400,384.200,0.912,1106.791
100.659110398,1183,450,11.640,1039.700,244.700,0.583,737.566
100.712078537,1184,450,9.032,687.200,75.000,0.463,561.799
101.921667074,1190,450,2.954,279.400,80.800,0.148,196.286
102.886250148,1194,450,3.034,237.200,8.800,0.187,238.678
105.850716602,1199,450,1.186,96.800,0.000,0.063,81.195
106.956719944,1204,450,6.796,478.000,0.000,0.341,387.035
107.622425574,1205,450,15.825,1999.200,618.300,0.954,1143.185
107.927792565,1209,450,11.709,1574.100,489.600,0.642,818.841
108.622901991,1211,450,15.268,1717.600,467.800,0.743,872.326
108.75466,1212,450,7.682,827.400,197.500,0.397,445.068
108.895904685,1214,450,1.765,155.600,17.000,0.077,97.103
108.910185537,1215,450,103.264,3565.800,33.800,8.837,953.503
109.007487509,1217,450,3.359,261.400,0.000,0.124,158.577
109.016446704,1218,450,3.879,245.500,0.000,0.178,182.020
110.096397343,1222,450,3.887,264.600,0.000,0.177,194.318
110.950104111,1224,450,1.856,206.300,94.300,0.128,121.422
111.782408213,1228,450,4.032,353.800,37.900,0.160,176.861
115.833813176,1240,450,1.064,199.800,73.800,0.067,72.163
115.870647741,1241,450,9.369,889.100,76.100,0.449,551.337
116.612159667,1242,450,15.157,1472.800,232.400,0.755,875.209
118.632116111,1249,450,6.790,544.700,131.400,0.383,437.738
119.600701685,1259,450,13.006,633.800,63.700,0.731,861.189
120.602501324,1263,450,13.732,1306.700,202.600,0.691,841.435
120.899592963,1265,450,6.393,657.800,57.200,0.232,297.222
122.707236333,1274,450,1.177,78.800,0.000,0.058,70.904
122.857460759,1276,450,4.593,498.800,111.400,0.232,282.090
123.601523407,1279,450,17.325,1971.000,414.000,0.940,1101.094
123.80131737,1280,450,1.764,363.300,66.400,0.100,114.146
124.904298241,1284,450,9.410,871.600,114.900,0.458,509.894
131.83491125,1296,450,1.775,258.100,103.700,0.144,165.399
136.003731722,1313,450,1.885,117.900,8.200,0.089,101.710
136.834464583,1316,450,1.165,180.000,58.100,0.068,67.476
136.990958259,1318,450,3.005,228.200,0.000,0.180,220.274
137.602540806,1319,450,15.160,1594.200,405.500,0.761,899.220
137.92829587,1324,450,10.640,958.400,67.900,0.471,588.341
139.97632887,1329,450,3.004,249.900,23.100,0.155,187.603
140.918674324,1336,450,3.381,244.800,0.000,0.184,227.011
140.958590759,1337,450,3.918,241.700,0.000,0.196,228.783
141.907049694,1340,450,7.108,718.500,122.800,0.313,403.515
142.0189465,1341,450,6.969,591.300,71.400,0.334,408.564
142.793350037,1343,450,1.050,128.700,11.100,0.048,63.747
144.639343843,1347,450,2.009,173.200,37.000,0.080,103.521
146.835958741,1355,450,1.480,226.400,118.200,0.067,122.516
146.880449296,1358,450,1.175,79.300,0.000,0.051,93.788
147.539428037,1359,450,2.516,195.900,28.100,0.075,127.906
147.852293981,1362,450,1.174,72.300,0.000,0.053,78.564
150.72804538,1365,450,11.248,469.700,0.000,0.594,1055.590
150.765006028,1366,450,12.900,903.200,69.500,0.647,1178.850
150.963457491,1367,450,12.605,886.800,57.900,0.517,832.219
151.750418287,1370,450,6.640,1062.700,502.600,0.361,609.175
22.5012844259,1366,5,1.618,80.200,0.000,0.094,104.472
22.5609811852,1368,5,7.911,764.000,108.300,0.396,454.921
22.9010505741,1369,5,5.665,733.800,233.800,0.225,255.058
36.4965188704,1443,5,1.596,89.200,0.000,0.068,72.948
36.8937491389,1445,5,5.855,647.200,102.400,0.254,297.435
1.58665119444,706,8,2.057,134.300,0.000,0.099,84.471
1.93178628704,707,8,2.904,239.500,36.100,0.204,197.018
8.56016175925,730,8,4.585,387.800,44.600,0.284,325.612
29.5723856389,805,8,4.676,398.800,69.500,0.284,344.912
43.9277080185,854,8,3.974,619.200,185.200,0.292,345.088
43.946717963,855,8,4.216,840.900,75.000,0.348,396.232
1.50398989815,107,220,7.868,709.900,149.000,0.331,311.446
6.46485907408,123,220,10.285,725.900,41.400,0.406,454.348
7.68075310185,131,220,8.094,1035.600,266.400,0.279,324.242
11.4946496204,151,220,2.687,270.100,9.000,0.149,168.548
11.5073400556,152,220,3.920,315.400,13.100,0.116,133.249
12.0560993889,156,220,11.141,988.100,214.300,0.438,528.593
15.8270950741,172,220,9.985,977.000,215.300,0.395,499.912
16.0771482407,176,220,7.943,733.600,57.000,0.251,292.604
16.5358126852,178,220,10.070,643.000,2.500,0.728,242.994
16.5634176944,179,220,8.904,730.900,0.000,0.457,346.119
17.5313414907,185,220,11.296,1306.900,393.900,0.420,496.028
19.537083463,191,220,7.700,405.700,35.100,0.337,379.246
21.4476177963,200,220,7.876,663.000,0.000,0.305,322.232
21.6762209537,202,220,12.747,1245.000,253.000,0.517,559.069
22.5021227963,204,220,7.938,1046.900,255.400,0.391,431.775
25.5022604352,223,220,6.622,587.700,0.000,0.292,334.263
26.5042978982,228,220,5.997,600.000,106.100,0.285,369.592
26.9133053333,232,220,7.918,656.000,31.400,0.351,427.298
27.588710463,235,220,3.984,279.600,0.000,0.149,157.218
29.6700672037,240,220,8.564,848.000,133.800,0.338,381.086
30.7710413148,246,220,7.905,796.000,118.700,0.248,302.471
32.5045600741,254,220,1.726,187.500,0.000,0.086,87.776
36.7647675463,270,220,12.041,1130.100,290.000,0.457,530.492
37.6237752222,277,220,6.329,515.700,34.800,0.292,347.807
53.4046099352,300,220,8.517,807.900,25.900,0.288,323.934
56.6520046482,315,220,2.629,167.400,0.000,0.126,136.147
58.5550011018,324,220,6.574,598.700,27.400,0.369,381.934
62.5934080648,349,220,6.581,645.000,81.900,0.347,355.372
63.6598222222,356,220,9.384,972.300,250.900,0.469,509.321
64.736678537,357,220,6.357,591.600,47.900,0.345,417.661
65.4905952222,361,220,2.159,191.700,27.800,0.125,144.831
69.5511462222,375,220,6.565,554.600,28.200,0.344,353.589
77.6319763704,418,220,6.179,590.500,102.100,0.329,369.393
78.6287406667,421,220,7.915,747.000,30.900,0.410,470.195
79.3783006852,424,220,4.611,372.200,0.000,0.183,171.925
79.4853671389,426,220,2.179,183.800,16.200,0.107,134.653
79.5690614352,429,220,2.352,223.700,5.100,0.180,195.653
79.6327465093,431,220,12.759,1214.100,219.500,0.526,588.337
80.4565034537,433,220,7.703,867.900,112.100,0.423,466.200
85.5397580833,459,220,8.227,874.200,80.200,0.371,429.824
85.59891075,460,220,7.943,762.200,68.200,0.284,333.899
86.5448759167,466,220,6.288,609.000,58.300,0.287,322.016
88.409123787,475,220,3.342,294.800,8.000,0.095,103.912
90.4542458519,479,220,5.385,487.400,121.300,0.155,160.153
90.5430768519,480,220,5.398,368.700,10.300,0.239,260.313
93.6215392407,495,220,10.438,858.200,53.900,0.453,530.516
97.4588841296,515,220,4.260,428.300,60.700,0.146,151.748
100.374391389,528,220,4.628,442.600,35.600,0.215,236.086
101.533043833,537,220,7.979,1238.100,292.900,0.425,469.999
102.370462481,541,220,0.940,99.200,0.000,0.054,60.412
103.600216898,556,220,1.655,195.900,20.900,0.092,99.095
106.452052046,568,220,5.857,641.500,35.200,0.307,351.594
108.508764565,582,220,2.859,379.500,35.100,0.188,222.303
109.418103083,585,220,4.472,372.200,21.500,0.160,191.582
110.571765944,595,220,8.986,777.400,14.600,0.311,348.608
114.777630306,604,220,1.285,72.400,0.000,0.075,96.043
116.36808563,609,220,3.762,366.900,6.500,0.169,199.701
116.414429269,610,220,5.396,426.300,0.000,0.212,249.777
119.487656676,618,220,3.965,305.300,0.000,0.137,136.134
120.568443713,626,220,9.216,940.900,256.000,0.350,390.438
121.432567111,627,220,6.330,587.200,51.100,0.302,353.007
123.384499083,637,220,7.924,741.100,0.000,0.267,277.190
124.458026454,643,220,4.965,491.900,69.600,0.243,260.596
129.454545815,661,220,5.881,690.100,146.300,0.288,317.830
129.48546737,662,220,8.527,811.700,82.500,0.375,424.181
130.749658231,668,220,7.936,726.000,95.700,0.362,422.552
131.871786611,674,220,8.530,1104.600,314.100,0.365,449.059
135.368415454,680,220,5.836,524.400,11.200,0.224,240.084
135.485744565,681,220,1.799,163.600,27.500,0.087,99.945
142.367952324,705,220,5.996,561.700,42.000,0.200,202.770
143.445742685,712,220,4.172,409.900,59.900,0.185,211.675
143.482118824,713,220,8.134,897.600,134.200,0.354,412.763
146.658350324,723,220,2.619,264.000,84.500,0.095,106.811
148.510261333,732,220,9.409,990.500,179.400,0.435,511.561
149.491795343,736,220,6.530,502.000,42.800,0.259,277.681
149.542287093,737,220,7.773,538.100,14.300,0.313,329.192
149.653599556,739,220,7.945,873.500,195.200,0.294,321.082
151.424340991,748,220,2.128,149.400,0.000,0.105,121.854
153.3800395,755,220,5.977,595.900,58.700,0.213,230.976
3.98880686111,529,399,6.467,723.700,113.700,0.247,252.450
4.07239506482,530,399,6.637,813.800,111.200,0.278,251.441
10.6306363704,560,399,5.504,558.500,128.600,0.202,187.886
16.8282445093,583,399,3.641,188.300,0.000,0.180,218.003
17.9067770093,587,399,10.346,1153.100,227.600,0.461,528.276
31.8312095463,620,399,5.361,600.200,91.700,0.234,291.173
32.0104812407,622,399,2.810,386.800,66.500,0.082,88.433
43.8273775741,656,399,2.464,304.500,114.300,0.103,121.373
50.847115537,687,399,5.708,431.100,0.000,0.238,274.794
60.7682069722,734,399,0.612,73.200,0.000,0.038,42.532
72.5782660926,756,399,5.515,617.300,143.600,0.275,313.693
72.7809559815,760,399,10.992,457.600,12.500,0.532,583.396
79.617401713,784,399,3.122,262.400,15.200,0.153,154.439
80.7891717037,793,399,5.756,486.400,51.400,0.198,241.166
83.8253303241,812,399,4.382,381.200,6.600,0.207,246.526
83.8847508056,813,399,1.565,112.100,0.000,0.060,77.685
84.9116423981,816,399,9.147,779.000,40.300,0.335,392.833
88.0323854167,830,399,6.751,719.700,90.100,0.364,416.467
102.880043963,840,399,7.572,858.800,196.000,0.344,392.414
109.080509278,855,399,8.317,799.900,67.600,0.346,410.354
120.060092352,878,399,4.914,573.800,147.200,0.234,261.440
120.839490481,883,399,7.937,824.500,186.000,0.322,385.966
125.820534722,902,399,5.467,541.200,40.000,0.184,221.062
126.921006944,907,399,4.091,535.400,80.000,0.141,176.112
128.78000362,915,399,5.736,814.000,308.500,0.226,252.293
131.726337065,930,399,2.561,244.200,47.500,0.105,129.853
133.711241713,935,399,1.013,106.500,0.000,0.048,59.150
135.654725806,941,399,3.875,279.200,22.000,0.160,178.778
136.588888648,944,399,3.037,470.300,166.800,0.171,211.269
138.033811454,955,399,2.402,138.900,0.000,0.078,82.925
139.869325694,962,399,3.003,226.900,53.600,0.133,162.944
139.929520796,963,399,4.330,375.400,50.200,0.196,229.533
142.879021917,975,399,9.355,891.800,102.800,0.409,481.899
143.984088861,980,399,4.520,433.800,43.200,0.206,246.853
144.804272852,984,399,2.788,217.100,2.900,0.112,142.607
147.822975287,1002,399,1.718,124.200,0.000,0.043,51.729
1.62956727778,825,299,1.558,123.200,5.700,0.120,114.965
3.6224647963,828,299,1.866,149.400,26.100,0.144,155.590
3.89734402778,833,299,2.031,137.700,1.800,0.164,182.627
3.90390602778,834,299,3.237,363.200,54.800,0.243,231.710
8.6607057037,851,299,4.317,223.600,0.000,0.344,311.271
10.7017651389,859,299,2.337,134.500,0.000,0.186,224.599
12.721009537,866,299,22.613,1399.000,256.500,1.883,2110.228
15.5624954074,882,299,3.132,527.000,105.900,0.326,414.119
15.6636330833,884,299,4.344,277.400,39.400,0.358,420.812
17.7067220556,890,299,2.381,157.300,0.000,0.191,199.912
21.0094928333,905,299,4.268,510.000,84.400,0.389,482.829
22.0147328426,912,299,1.022,85.600,14.000,0.087,115.238
22.7186572593,914,299,1.609,117.100,0.000,0.111,133.283
23.7627985185,916,299,2.294,186.300,10.900,0.158,200.441
24.0784255741,917,299,2.844,331.600,70.300,0.296,372.327
24.0952149259,918,299,2.969,301.400,66.800,0.267,326.165
29.7418867963,920,299,6.371,320.500,48.100,0.510,602.420
31.71016975,924,299,2.008,114.500,0.000,0.165,189.950
36.7108604167,953,299,1.989,125.800,0.000,0.140,156.402
38.6352205833,957,299,10.047,489.400,24.600,0.686,730.152
39.0027040185,960,299,3.249,348.700,83.200,0.298,351.765
40.6710968333,964,299,4.335,245.400,35.200,0.360,399.929
43.623699537,967,299,1.952,251.800,41.400,0.197,255.908
47.5072011852,975,299,4.610,569.900,103.500,0.481,605.460
60.6943562963,1018,299,7.955,665.800,49.500,0.601,740.062
61.6200336204,1023,299,5.206,540.000,71.900,0.402,493.762
61.7109976667,1024,299,0.738,193.800,70.300,0.121,151.520
61.9362901204,1027,299,1.013,169.300,78.800,0.111,131.857
62.04941,1029,299,6.214,580.500,77.200,0.553,648.748
63.6909153056,1038,299,1.316,144.300,61.400,0.138,168.927
68.5087602315,1052,299,3.695,346.500,92.400,0.454,576.914
69.6005638796,1060,299,18.077,1989.400,623.600,1.641,1893.760
69.6623573796,1061,299,8.189,409.500,39.100,0.583,683.961
71.6591115,1071,299,0.908,83.800,11.400,0.084,113.921
76.6243447222,1084,299,2.050,216.300,40.600,0.261,352.791
78.6429760463,1092,299,4.442,514.800,87.100,0.466,557.865
79.5068728704,1096,299,4.639,521.700,96.600,0.533,678.558
83.8758242222,1107,299,2.554,190.000,48.900,0.170,208.005
83.9206618519,1108,299,4.450,261.000,0.000,0.262,312.805
84.5843946204,1110,299,7.435,1009.900,300.600,0.856,1071.948
85.6741931019,1112,299,2.401,152.500,0.000,0.180,189.516
86.9493641389,1119,299,11.184,1186.400,254.700,0.954,1142.668
89.7032231759,1127,299,13.788,583.800,90.400,1.004,1074.395
90.9534237222,1134,299,1.803,231.400,59.800,0.189,249.342
92.5931699722,1140,299,2.286,279.600,39.300,0.201,241.012
93.0592694907,1143,299,2.167,900.800,673.000,0.407,414.444
97.635387,1160,299,8.187,1278.800,629.700,0.832,904.337
98.6712373611,1162,299,7.552,557.600,73.500,0.665,777.051
101.929242009,1169,299,3.026,254.000,0.000,0.251,271.496
104.77555987,1178,299,3.921,389.300,29.400,0.349,411.495
106.66117988,1184,299,1.026,78.800,0.000,0.082,99.439
108.872157463,1188,299,3.675,580.200,185.300,0.377,443.464
111.745913065,1197,299,2.564,154.500,0.000,0.148,179.843
113.023502333,1202,299,2.409,204.200,10.200,0.207,245.529
117.888415472,1214,299,2.386,205.500,41.800,0.196,225.745
118.665387269,1216,299,3.575,386.600,122.900,0.328,345.783
120.669777444,1233,299,2.716,241.700,45.400,0.200,236.439
120.934462139,1234,299,3.939,459.600,103.400,0.362,458.388
124.626429102,1243,299,4.382,474.800,115.100,0.480,589.991
124.972627778,1245,299,4.505,341.600,37.200,0.293,332.459
129.62665438,1267,299,3.526,252.600,25.600,0.245,266.271
129.87050625,1270,299,3.265,375.800,75.200,0.267,312.299
136.873971722,1283,299,2.039,137.500,0.000,0.167,199.137
136.89771563,1284,299,3.425,334.600,34.700,0.236,295.111
137.599295926,1287,299,5.530,549.500,105.300,0.386,466.271
137.676754463,1288,299,3.645,342.100,55.300,0.343,448.415
138.684145667,1290,299,13.797,583.500,0.000,0.969,1169.588
139.879816907,1295,299,2.432,228.600,58.400,0.186,191.211
142.976847537,1310,299,6.311,598.700,117.300,0.461,513.255
152.949801167,1340,299,8.043,804.600,269.100,0.770,1221.465
153.944981685,1348,299,12.249,1195.600,301.500,0.890,1446.840
5.57512077778,1048,115,2.366,320.800,78.700,0.114,104.054
9.58047610185,1056,115,1.538,253.700,99.100,0.093,78.511
11.5743994352,1061,115,4.260,503.000,82.200,0.193,248.888
13.6292177037,1066,115,1.664,185.400,19.100,0.102,129.034
14.6057861944,1070,115,2.914,309.400,33.300,0.159,210.083
20.9087840093,1087,115,8.385,780.500,113.300,0.422,488.213
21.0468273982,1092,115,4.657,381.200,4.000,0.284,328.201
22.5750086019,1093,115,3.141,454.900,105.900,0.213,270.524
26.8233997315,1117,115,2.472,349.200,153.300,0.104,125.153
26.8855680833,1118,115,7.870,637.500,81.700,0.382,452.767
29.0166010648,1128,115,1.501,145.800,0.000,0.050,58.131
30.5626658796,1131,115,4.404,449.700,69.400,0.217,257.311
31.9048891667,1135,115,2.961,261.400,23.200,0.178,244.852
33.9374724815,1140,115,5.450,448.200,7.800,0.335,406.706
45.9653537963,1168,115,2.663,372.500,0.000,0.191,208.259
46.5473289444,1169,115,2.523,334.600,28.800,0.189,223.544
74.5287590741,1205,115,5.901,676.500,121.500,0.323,381.287
74.9007826852,1206,115,4.376,352.900,0.000,0.260,290.129
90.6208561481,1278,115,5.758,550.700,58.800,0.218,279.793
94.8431634352,1282,115,1.635,243.200,38.300,0.123,156.772
98.8045409722,1307,115,0.630,87.600,0.000,0.039,40.812
99.4995438889,1309,115,1.112,120.800,0.000,0.074,76.714
106.535591657,1327,115,5.607,626.800,92.600,0.360,414.735
106.916365389,1329,115,5.172,411.200,0.000,0.310,329.664
118.951906602,1381,115,1.407,304.100,89.500,0.084,95.320
119.827754537,1384,115,6.387,693.500,138.900,0.270,326.018
119.858542861,1386,115,4.076,363.000,89.200,0.193,246.949
120.914842685,1391,115,4.911,436.400,21.600,0.267,303.811
123.537242796,1397,115,4.280,486.100,111.300,0.163,183.275
143.537658231,1463,115,2.558,332.800,93.600,0.136,156.227
151.541495241,1488,115,2.675,333.900,90.800,0.127,133.071
9.55810885185,685,2,1.458,168.000,56.000,0.140,172.782
11.5940013241,694,2,3.802,445.400,134.100,0.260,313.243
17.7184408796,714,2,3.241,335.100,21.700,0.329,421.995
34.700724463,760,2,18.443,669.900,0.000,1.278,1349.753
50.9360149167,785,2,2.452,283.900,52.000,0.271,349.993
53.0129235556,795,2,7.721,382.800,35.500,0.535,634.805
68.9122843333,829,2,9.365,1221.600,255.100,0.872,1094.259
114.580995259,975,2,3.619,325.900,28.800,0.330,367.415
130.690477972,1028,2,3.222,430.000,123.700,0.372,450.756
136.686779361,1049,2,3.228,427.700,136.300,0.346,407.741
1.68945986111,106,584,5.584,669.100,137.600,0.531,622.751
3.76466287963,118,584,1.843,232.500,60.100,0.203,262.706
4.63709212963,129,584,4.029,354.200,53.300,0.275,297.078
6.70468597222,139,584,2.820,196.000,0.000,0.227,283.193
10.0383560185,160,584,11.267,439.800,3.500,0.767,882.497
10.0578649907,161,584,11.306,409.700,0.000,0.709,845.746
11.6772452593,174,584,4.460,353.700,51.900,0.333,380.026
11.8187354537,175,584,4.667,293.800,0.000,0.379,469.830
18.9744839259,220,584,12.991,552.400,10.000,0.835,946.477
19.6847483796,224,584,0.600,116.800,43.400,0.073,99.862
19.7180655463,227,584,6.993,481.400,4.000,0.472,578.152
22.5648238519,257,584,3.385,338.100,107.400,0.221,259.724
27.6391527407,281,584,2.859,527.500,228.600,0.332,414.218
27.6532789537,282,584,3.739,421.000,66.600,0.270,339.629
27.9030277222,283,584,7.469,2021.000,991.500,0.930,1068.554
38.0823860926,336,584,4.370,356.200,73.400,0.342,412.580
39.7906396019,346,584,1.869,160.100,0.000,0.175,219.108
41.9286642222,360,584,2.284,167.400,0.000,0.172,196.823
43.7778174444,372,584,2.612,188.000,9.600,0.231,307.625
43.8243515185,375,584,8.052,364.800,0.000,0.590,712.493
43.8799501389,376,584,6.041,415.600,13.300,0.485,612.077
45.7752477963,385,584,0.960,80.500,0.000,0.078,88.991
47.7656521019,396,584,8.038,771.700,189.600,0.658,829.384
55.882326037,446,584,18.591,1081.500,226.000,1.413,1567.202
58.7627937963,472,584,8.125,445.400,22.900,0.574,632.400
59.6846353611,482,584,14.220,653.200,69.000,0.920,1064.139
60.6026642963,489,584,0.980,68.300,0.000,0.074,88.095
60.7857889259,492,584,2.016,167.400,4.600,0.167,204.973
67.0374273241,522,584,12.139,1092.600,154.400,0.936,1089.490
67.6433382222,526,584,2.382,272.400,48.200,0.253,291.677
68.6321639815,532,584,2.315,228.300,70.300,0.269,328.393
68.8414259259,534,584,1.700,119.700,3.000,0.161,192.612
75.6550724722,573,584,6.505,651.900,52.600,0.627,737.467
78.7380856296,585,584,5.569,458.100,6.600,0.472,547.537
80.6942892222,607,584,4.664,318.100,0.000,0.356,465.553
81.8441317222,617,584,5.553,357.700,0.000,0.386,462.613
82.7105206296,625,584,4.357,341.700,47.200,0.319,402.387
85.7814823241,637,584,20.943,985.100,24.900,1.390,1660.482
85.9534029815,638,584,3.823,386.400,116.000,0.270,316.213
90.5259708611,679,584,6.931,436.600,0.000,0.421,481.759
92.4269467963,690,584,6.064,421.500,0.000,0.433,499.346
94.5382597593,706,584,3.290,388.300,146.700,0.318,369.765
101.442529796,744,584,2.838,221.500,0.000,0.256,308.271
101.552521056,745,584,6.550,606.700,98.000,0.586,683.554
120.595811454,785,584,2.326,186.300,6.500,0.212,264.224
123.028182944,801,584,12.981,558.600,0.000,0.825,936.167
124.403766667,808,584,6.098,417.900,0.000,0.419,479.964
124.415014167,809,584,6.556,607.600,61.700,0.481,590.610
124.469749324,810,584,5.036,509.100,91.900,0.415,533.886
124.612343843,812,584,2.383,249.200,18.600,0.181,212.578
128.460578685,830,584,6.165,885.000,337.000,0.601,765.254
130.559775852,844,584,4.382,402.100,114.800,0.369,429.403
130.763394546,846,584,2.338,186.700,46.600,0.194,218.015
138.62476587,891,584,0.919,116.700,55.400,0.093,109.059
141.488885361,898,584,4.098,499.700,184.700,0.350,410.278
143.510860435,909,584,6.032,452.900,43.200,0.456,563.335
144.472588056,915,584,6.039,529.300,82.300,0.450,571.249
144.843426333,917,584,4.698,304.800,0.000,0.322,357.262
145.777619083,923,584,21.742,1146.200,134.300,1.438,1700.334
150.475842278,942,584,6.039,874.700,366.900,0.560,614.422
150.563224926,943,584,0.931,83.500,10.100,0.065,86.465
2.51351355555,195,564,7.294,1192.600,319.000,0.464,521.569
4.94805585186,204,564,6.203,934.600,297.100,0.260,310.119
4.96701361111,205,564,7.128,780.600,164.100,0.379,418.675
5.51271077778,206,564,7.059,1216.200,382.700,0.434,494.165
7.74145616667,213,564,6.890,1292.900,511.400,0.365,423.984
7.88446942592,214,564,7.068,779.000,221.900,0.310,334.516
8.51304151852,215,564,7.059,1306.400,399.000,0.433,496.988
9.51245177777,218,564,6.124,651.000,192.300,0.295,308.491
9.94111447222,220,564,6.810,1111.900,177.100,0.367,437.560
11.509069,224,564,7.060,1080.700,389.700,0.477,580.954
11.93785525,225,564,9.028,1174.600,286.000,0.567,715.613
12.5148241481,226,564,7.856,1113.300,347.400,0.604,745.378
15.5107291111,237,564,7.151,1299.400,442.900,0.541,700.037
17.0736482963,242,564,6.174,537.100,76.400,0.377,467.295
17.511240537,243,564,6.633,618.500,122.100,0.290,354.151
18.5080308056,246,564,7.339,1031.400,284.900,0.472,629.244
18.9389833333,247,564,8.704,1095.100,238.600,0.521,626.080
19.9430379537,249,564,7.232,820.100,109.900,0.394,477.862
21.5179629074,256,564,6.299,431.300,41.100,0.285,307.745
21.6875251481,257,564,6.164,462.400,56.300,0.356,442.674
21.768264787,258,564,6.602,642.200,132.400,0.290,344.695
22.9456109445,263,564,6.406,630.000,115.200,0.256,319.228
23.5118059445,264,564,7.319,1389.900,457.500,0.497,599.072
24.5124330741,266,564,7.192,898.800,236.500,0.434,529.533
24.836570713,267,564,9.761,1188.300,320.300,0.578,740.845
25.5819495185,270,564,6.265,539.800,99.000,0.341,418.116
25.7014158796,271,564,3.368,212.900,0.000,0.143,147.697
28.5203657778,282,564,6.654,555.500,74.200,0.337,415.500
28.6869649815,283,564,5.585,580.000,140.100,0.267,325.001
29.5129632778,285,564,7.140,905.400,250.500,0.484,585.027
30.9370006574,289,564,7.075,1608.900,480.000,0.418,480.139
31.9257415463,291,564,4.520,624.100,212.500,0.255,313.243
32.9413873426,294,564,6.385,1157.000,382.300,0.365,441.399
33.5076929907,295,564,7.171,953.500,280.400,0.487,628.559
35.518064463,302,564,6.798,532.200,70.300,0.342,398.901
36.5096922037,304,564,8.767,987.400,142.200,0.461,547.304
37.5106782037,308,564,7.001,2027.300,740.100,0.562,690.853
38.5185073704,310,564,6.159,665.100,144.800,0.323,414.342
39.0998627315,314,564,5.944,552.400,117.500,0.351,410.813
39.5100094259,315,564,7.578,1018.900,261.300,0.523,669.576
39.9422547222,317,564,8.567,1581.300,361.600,0.706,785.434
41.6041714074,325,564,11.935,1331.700,232.800,0.602,712.207
43.5094846389,332,564,7.645,828.700,114.800,0.448,519.258
44.5131965556,336,564,8.569,1820.200,648.400,0.778,899.906
45.510874537,338,564,8.087,978.100,164.400,0.540,628.137
46.5132244259,341,564,8.780,1217.800,256.500,0.612,750.682
47.5095305926,343,564,8.827,1085.600,159.900,0.592,669.580
49.5181526111,345,564,6.095,544.800,124.000,0.277,319.240
50.5086931944,348,564,8.154,1092.200,328.200,0.487,619.214
52.5121995185,355,564,8.951,1296.300,320.400,0.639,770.865
53.5098541667,357,564,8.819,1122.300,281.600,0.506,643.439
53.9284955,358,564,8.792,1087.700,269.100,0.572,724.056
54.8431031018,360,564,5.900,1065.700,477.900,0.449,540.006
55.7159752315,361,564,6.595,516.800,8.500,0.361,426.053
56.5180597963,363,564,6.833,598.700,101.400,0.394,446.456
56.9711573889,365,564,6.802,916.700,145.000,0.458,517.918
57.6457360185,367,564,8.063,804.700,152.400,0.448,504.945
57.6658398333,368,564,7.295,591.800,89.200,0.373,441.552
64.5377961852,381,564,7.892,1014.900,434.100,0.616,706.954
65.4705941759,383,564,8.515,973.700,260.200,0.652,818.550
67.0601943704,388,564,5.875,566.900,76.200,0.385,441.367
68.4690471204,391,564,8.506,954.800,151.700,0.633,766.082
70.6647457593,403,564,13.988,988.800,0.000,0.936,307.063
72.4702846852,410,564,8.059,1507.000,516.800,0.661,783.856
73.0394768148,412,564,3.129,226.900,16.700,0.160,178.167
73.4702730926,413,564,8.042,1036.900,264.500,0.538,615.880
75.4628924722,422,564,8.013,887.900,60.200,0.476,554.442
76.7236435,427,564,11.861,1172.300,168.400,0.519,616.861
77.4764585741,430,564,6.610,662.800,197.300,0.438,490.927
79.4710718519,436,564,8.147,1271.000,337.400,0.693,851.225
79.8996491389,437,564,7.220,966.500,261.600,0.538,626.357
80.4708521667,438,564,6.156,638.200,159.200,0.411,473.083
81.0655277963,439,564,5.965,622.600,184.500,0.403,449.171
81.4724117778,440,564,8.168,1131.700,283.000,0.636,759.484
82.484972,442,564,6.249,964.300,315.200,0.457,566.022
82.8499591018,443,564,4.668,543.700,181.500,0.314,360.633
85.4669314352,448,564,9.008,1142.100,284.700,0.493,606.352
86.4634851389,452,564,8.645,1172.800,318.700,0.547,687.112
87.4730718333,454,564,6.212,730.000,195.000,0.371,475.248
88.0767685556,455,564,6.005,463.700,63.700,0.349,412.670
88.4676098796,456,564,8.753,1020.500,177.800,0.532,611.350
88.9043624537,457,564,6.844,801.800,174.000,0.462,605.825
90.6385834259,461,564,1.245,229.400,126.600,0.057,70.605
91.8062010926,472,564,11.710,1020.000,147.900,0.523,634.288
91.8332405,473,564,11.716,1101.800,166.100,0.418,517.367
92.4654406019,474,564,7.991,836.900,85.600,0.497,593.799
95.462966287,480,564,9.003,1070.900,174.000,0.554,652.469
95.8984972593,481,564,5.228,742.000,248.300,0.375,465.590
96.4659839259,485,564,8.565,959.800,147.700,0.628,737.258
97.7803057963,491,564,5.422,369.700,4.700,0.316,376.635
98.6498887222,493,564,2.967,202.500,0.000,0.143,169.652
98.6989806759,494,564,7.013,626.200,108.900,0.303,356.775
98.8329164815,495,564,5.461,429.800,32.400,0.292,349.876
100.468356037,499,564,8.294,1355.400,442.800,0.702,835.949
101.467613926,501,564,8.097,1181.900,192.100,0.580,677.199
102.468344833,503,564,8.072,1140.900,279.000,0.602,703.025
103.476062778,506,564,6.285,653.500,101.800,0.376,405.054
103.807452824,507,564,6.030,918.800,185.700,0.475,513.211
106.470223843,511,564,8.059,1134.900,228.200,0.596,674.550
107.473579,514,564,6.258,841.300,232.200,0.439,515.145
109.465086398,522,564,9.128,1123.700,297.600,0.506,613.133
114.468069074,533,564,8.803,1234.100,331.900,0.452,561.513
117.465646528,538,564,8.790,1003.800,183.500,0.489,559.593
119.64050562,547,564,5.443,374.700,29.100,0.251,284.005
120.467402574,548,564,8.559,971.800,154.200,0.515,613.161
121.895197491,553,564,7.007,1127.900,322.000,0.364,472.337
123.46822963,556,564,8.174,1152.900,354.800,0.492,598.167
126.478643981,569,564,6.816,547.200,77.600,0.361,403.148
126.934043519,572,564,5.205,474.100,121.200,0.264,321.941
127.467615537,573,564,8.804,1133.700,293.900,0.611,748.368
128.467065019,576,564,8.788,1143.800,342.300,0.611,746.306
130.908896148,582,564,6.146,644.400,161.700,0.411,467.565
131.470016611,584,564,8.639,1053.000,219.800,0.618,739.533
137.46592925,593,564,9.117,1140.800,303.600,0.561,656.052
137.900645741,594,564,6.852,851.000,230.600,0.478,574.746
140.729869213,600,564,5.457,402.600,46.500,0.262,327.310
142.466922454,604,564,8.278,992.700,213.800,0.555,683.265
142.905032148,605,564,6.387,658.600,98.200,0.387,471.903
143.485008583,607,564,6.285,748.900,207.000,0.357,447.386
144.898413213,609,564,6.963,1310.300,331.100,0.394,510.646
145.46804387,610,564,8.477,950.200,154.600,0.548,670.463
146.584573759,613,564,1.111,129.700,35.400,0.038,46.351
146.824881852,617,564,5.057,739.800,148.800,0.182,216.424
149.021377537,624,564,6.254,644.800,186.500,0.356,425.063
149.464221833,627,564,8.775,1032.100,241.700,0.535,638.749
149.90165763,628,564,8.438,876.300,157.200,0.506,591.882
150.898469648,630,564,7.783,738.200,173.700,0.409,509.428
